{
  "recipes": [
    {
      "id": "1",
      "name": "Шопска салата",
      "ingredients": [
        {
          "ingredientId": "1",
          "quantity": 3,
          "unit": "бр."
        },
        {
          "ingredientId": "2",
          "quantity": 2,
          "unit": "бр."
        },
        {
          "ingredientId": "3",
          "quantity": 1,
          "unit": "бр."
        },
        {
          "ingredientId": "4",
          "quantity": 200,
          "unit": "гр."
        },
        {
          "ingredientId": "5",
          "quantity": 3,
          "unit": "с.л."
        }
      ],
      "cookingTime": 15,
      "categoryId": "1",
      "chefId": "1",
      "rating": 5,
      "description": "Традиционна българска салата с домати, краставици, лук и сирене. Перфектна за лятото!"
    },
    {
      "id": "2",
      "name": "Мусака",
      "ingredients": [
        {
          "ingredientId": "9",
          "quantity": 1,
          "unit": "кг"
        },
        {
          "ingredientId": "10",
          "quantity": 500,
          "unit": "гр."
        },
        {
          "ingredientId": "3",
          "quantity": 2,
          "unit": "бр."
        },
        {
          "ingredientId": "12",
          "quantity": 3,
          "unit": "бр."
        },
        {
          "ingredientId": "13",
          "quantity": 70,
          "unit": "гр."
        },
        {
          "ingredientId": "8",
          "quantity": 50,
          "unit": "гр."
        },
        {
          "ingredientId": "7",
          "quantity": 1,
          "unit": "ч.л."
        }
      ],
      "cookingTime": 90,
      "categoryId": "1",
      "chefId": "c396c542-4a47-4403-b909-624d6798189d",
      "rating": 5,
      "description": "Класическа българска мусака с картофи, кайма и млечен сос. Любимо ястие на цялото семейство!"
    },
    {
      "id": "3",
      "name": "Пълнени чушки",
      "ingredients": [
        {
          "ingredientId": "10",
          "quantity": 300,
          "unit": "гр."
        },
        {
          "ingredientId": "11",
          "quantity": 150,
          "unit": "гр."
        },
        {
          "ingredientId": "3",
          "quantity": 1,
          "unit": "бр."
        },
        {
          "ingredientId": "1",
          "quantity": 2,
          "unit": "бр."
        },
        {
          "ingredientId": "5",
          "quantity": 2,
          "unit": "с.л."
        },
        {
          "ingredientId": "7",
          "quantity": 1,
          "unit": "ч.л."
        }
      ],
      "cookingTime": 60,
      "categoryId": "1",
      "chefId": "1",
      "rating": 4,
      "description": "Сочни чушки пълнени с ароматна смес от кайма и ориз. Традиционно българско ястие."
    },
    {
      "id": "4",
      "name": "Таратор",
      "ingredients": [
        {
          "ingredientId": "2",
          "quantity": 3,
          "unit": "бр."
        },
        {
          "ingredientId": "14",
          "quantity": 500,
          "unit": "гр."
        },
        {
          "ingredientId": "5",
          "quantity": 3,
          "unit": "с.л."
        },
        {
          "ingredientId": "7",
          "quantity": 1,
          "unit": "ч.л."
        }
      ],
      "cookingTime": 10,
      "categoryId": "1",
      "chefId": "3",
      "rating": 4,
      "description": "Освежаваща студена супа с краставици и кисело мляко. Идеална за горещите летни дни!"
    },
    {
      "id": "5",
      "name": "Пържени картофи с яйца",
      "ingredients": [
        {
          "ingredientId": "9",
          "quantity": 800,
          "unit": "гр."
        },
        {
          "ingredientId": "12",
          "quantity": 4,
          "unit": "бр."
        },
        {
          "ingredientId": "5",
          "quantity": 4,
          "unit": "с.л."
        },
        {
          "ingredientId": "7",
          "quantity": 1,
          "unit": "ч.л."
        },
        {
          "ingredientId": "8",
          "quantity": 1,
          "unit": "щипка"
        }
      ],
      "cookingTime": 25,
      "categoryId": "1",
      "chefId": "2",
      "rating": 4,
      "description": "Простo и вкусно ястие с пържени картофи и яйца. Бързо решение за обяд или вечеря."
    },
    {
      "id": "6",
      "name": "Мляко с ориз",
      "ingredients": [
        {
          "ingredientId": "11",
          "quantity": 200,
          "unit": "гр."
        },
        {
          "ingredientId": "15",
          "quantity": 600,
          "unit": "мл"
        },
        {
          "ingredientId": "7",
          "quantity": 1,
          "unit": "щипка"
        },
        {
          "ingredientId": "de9d3445-1af9-45be-9519-c8229955664b",
          "quantity": 1,
          "unit": "тенекия"
        }
      ],
      "cookingTime": 30,
      "categoryId": "1",
      "chefId": "3",
      "rating": 4,
      "description": "Кремообразна и питателна каша с ориз и прясно мляко. Отлична за закуска или десерт."
    },
    {
      "id": "7",
      "name": "Картофена салата",
      "ingredients": [
        {
          "ingredientId": "9",
          "quantity": 600,
          "unit": "гр."
        },
        {
          "ingredientId": "12",
          "quantity": 3,
          "unit": "бр."
        },
        {
          "ingredientId": "3",
          "quantity": 1,
          "unit": "бр."
        },
        {
          "ingredientId": "5",
          "quantity": 3,
          "unit": "с.л."
        },
        {
          "ingredientId": "6",
          "quantity": 1,
          "unit": "с.л."
        },
        {
          "ingredientId": "7",
          "quantity": 1,
          "unit": "ч.л."
        }
      ],
      "cookingTime": 35,
      "categoryId": "1",
      "chefId": "1",
      "rating": 4,
      "description": "Класическа картофена салата с яйца и лук. Перфектна гарнитура или самостоятелно ястие."
    }
  ],
  "ingredients": [
    {
      "id": "1",
      "name": "Домати",
      "defaultQuantity": 2,
      "defaultUnit": "бр."
    },
    {
      "id": "2",
      "name": "Краставици",
      "defaultQuantity": 1,
      "defaultUnit": "бр."
    },
    {
      "id": "3",
      "name": "Лук",
      "defaultQuantity": 1,
      "defaultUnit": "бр."
    },
    {
      "id": "4",
      "name": "Сирене",
      "defaultQuantity": 200,
      "defaultUnit": "гр."
    },
    {
      "id": "5",
      "name": "Олио",
      "defaultQuantity": 50,
      "defaultUnit": "мл"
    },
    {
      "id": "6",
      "name": "Оцет",
      "defaultQuantity": 30,
      "defaultUnit": "мл"
    },
    {
      "id": "7",
      "name": "Сол",
      "defaultQuantity": 1,
      "defaultUnit": "ч.л."
    },
    {
      "id": "8",
      "name": "Черен пипер",
      "defaultQuantity": 1,
      "defaultUnit": "щипка"
    },
    {
      "id": "9",
      "name": "Картофи",
      "defaultQuantity": 500,
      "defaultUnit": "гр."
    },
    {
      "id": "10",
      "name": "Кайма",
      "defaultQuantity": 300,
      "defaultUnit": "гр."
    },
    {
      "id": "11",
      "name": "Ориз",
      "defaultQuantity": 200,
      "defaultUnit": "гр."
    },
    {
      "id": "12",
      "name": "Яйца",
      "defaultQuantity": 2,
      "defaultUnit": "бр."
    },
    {
      "id": "13",
      "name": "Масло",
      "defaultQuantity": 50,
      "defaultUnit": "гр."
    },
    {
      "id": "14",
      "name": "Кисело мляко",
      "defaultQuantity": 400,
      "defaultUnit": "гр."
    },
    {
      "id": "15",
      "name": "Прясно мляко",
      "defaultQuantity": 500,
      "defaultUnit": "мл"
    },
    {
      "id": "de9d3445-1af9-45be-9519-c8229955664b",
      "name": "Захар",
      "defaultQuantity": 1,
      "defaultUnit": "ч.л."
    }
  ],
  "categories": [
    {
      "id": "1",
      "cuisineType": "Българска"
    },
    {
      "id": "2",
      "cuisineType": "Италианска"
    },
    {
      "id": "3",
      "cuisineType": "Френска"
    },
    {
      "id": "4",
      "cuisineType": "Азиатска"
    },
    {
      "id": "5",
      "cuisineType": "Мексиканска"
    }
  ],
  "chefs": [
    {
      "id": "1",
      "name": "Иван Петров",
      "experience": 10,
      "specialtyRecipes": [
        "1",
        "3",
        "7"
      ]
    },
    {
      "id": "2",
      "name": "Мария Георгиева",
      "experience": 15,
      "specialtyRecipes": [
        "2",
        "5"
      ]
    },
    {
      "id": "3",
      "name": "Стефан Димитров",
      "experience": 8,
      "specialtyRecipes": [
        "4",
        "6"
      ]
    },
    {
      "id": "c396c542-4a47-4403-b909-624d6798189d",
      "name": "Иван Манчев",
      "experience": 28,
      "specialtyRecipes": []
    }
  ],
  "ratings": []
}